{"cameraMode":{"drawMode":0,"name":"Shaded","section":"Shading Mode"},"sceneLighting":false,"audioPlay":false,"sceneViewState":{"m_AlwaysRefresh":false,"showFog":true,"showSkybox":false,"showFlares":true,"showImageEffects":true,"showParticleSystems":true,"showVisualEffectGraphs":true,"m_FxEnabled":true},"in2DMode":false,"pivot":{"x":0.5517821907997131,"y":0.13620199263095857,"z":8.472819328308106},"rotation":{"x":-0.2429131269454956,"y":-0.01830397918820381,"z":0.0012045648181810976,"w":-0.9709215760231018},"size":4.517600059509277,"orthographic":false}