{"cameraMode":{"drawMode":0,"name":"Shaded","section":"Shading Mode"},"sceneLighting":false,"audioPlay":false,"sceneViewState":{"m_AlwaysRefresh":false,"showFog":false,"showSkybox":false,"showFlares":false,"showImageEffects":false,"showParticleSystems":false,"showVisualEffectGraphs":true,"m_FxEnabled":true},"in2DMode":false,"pivot":{"x":-0.09974055737257004,"y":0.885178804397583,"z":0.3947744369506836},"rotation":{"x":-0.11044497042894364,"y":0.023831378668546678,"z":-0.0026861149817705156,"w":-0.9936429858207703},"size":0.8514493107795715,"orthographic":false}