{"cameraMode":{"drawMode":0,"name":"Shaded","section":"Shading Mode"},"sceneLighting":false,"audioPlay":false,"sceneViewState":{"m_AlwaysRefresh":false,"showFog":false,"showSkybox":false,"showFlares":false,"showImageEffects":false,"showParticleSystems":false,"showVisualEffectGraphs":true,"m_FxEnabled":true},"in2DMode":false,"pivot":{"x":-0.17817409336566926,"y":1.085816502571106,"z":-0.02741522714495659},"rotation":{"x":-0.001664974493905902,"y":-0.9941043853759766,"z":0.1077808141708374,"w":-0.015204137191176415},"size":1.0649852752685547,"orthographic":false}