{"cameraMode":{"drawMode":0,"name":"Shaded","section":"Shading Mode"},"sceneLighting":false,"audioPlay":false,"sceneViewState":{"m_AlwaysRefresh":false,"showFog":false,"showSkybox":false,"showFlares":false,"showImageEffects":false,"showParticleSystems":false,"showVisualEffectGraphs":true,"m_FxEnabled":true},"in2DMode":false,"pivot":{"x":-0.16202005743980409,"y":-0.5737385749816895,"z":1.0127911567687989},"rotation":{"x":-0.2862967848777771,"y":0.10605774819850922,"z":-0.031935229897499087,"w":-0.9517701268196106},"size":1.3572666645050049,"orthographic":false}