{"cameraMode":{"drawMode":0,"name":"Shaded","section":"Shading Mode"},"sceneLighting":false,"audioPlay":false,"sceneViewState":{"m_AlwaysRefresh":false,"showFog":false,"showSkybox":false,"showFlares":false,"showImageEffects":false,"showParticleSystems":false,"showVisualEffectGraphs":true,"m_FxEnabled":true},"in2DMode":false,"pivot":{"x":-1.1792632341384888,"y":0.02385110966861248,"z":-1.2849323749542237},"rotation":{"x":0.016478680074214937,"y":-0.9679661393165588,"z":0.06602735072374344,"w":0.24213337898254395},"size":1.2682839632034302,"orthographic":false}