{"cameraMode":{"drawMode":0,"name":"Shaded","section":"Shading Mode"},"sceneLighting":false,"audioPlay":false,"sceneViewState":{"m_AlwaysRefresh":false,"showFog":false,"showSkybox":false,"showFlares":false,"showImageEffects":false,"showParticleSystems":false,"showVisualEffectGraphs":true,"m_FxEnabled":true},"in2DMode":false,"pivot":{"x":-0.08141999691724777,"y":1.134008526802063,"z":-1.7297930717468262},"rotation":{"x":0.005033726338297129,"y":0.9938337802886963,"z":-0.09931118041276932,"w":0.05011693015694618},"size":2.0390684604644777,"orthographic":false}