{"cameraMode":{"drawMode":0,"name":"Shaded","section":"Shading Mode"},"sceneLighting":true,"audioPlay":false,"sceneViewState":{"m_AlwaysRefresh":false,"showFog":true,"showSkybox":true,"showFlares":true,"showImageEffects":true,"showParticleSystems":true,"showVisualEffectGraphs":true,"m_FxEnabled":true},"in2DMode":false,"pivot":{"x":5.429060459136963,"y":3.6937625408172609,"z":-3.2894845008850099},"rotation":{"x":0.2225882112979889,"y":-0.3202785849571228,"z":0.08261279761791229,"w":0.9183170795440674},"size":0.4805348217487335,"orthographic":false}