{"cameraMode":{"drawMode":0,"name":"Shaded","section":"Shading Mode"},"sceneLighting":false,"audioPlay":false,"sceneViewState":{"m_AlwaysRefresh":false,"showFog":true,"showSkybox":false,"showFlares":true,"showImageEffects":true,"showParticleSystems":true,"showVisualEffectGraphs":true,"m_FxEnabled":true},"in2DMode":false,"pivot":{"x":3.3626277446746828,"y":0.002362895756959915,"z":0.0014967694878578187},"rotation":{"x":-0.22170576453208924,"y":0.1405833661556244,"z":-0.03334306180477142,"w":-0.96534264087677},"size":1.9752252101898194,"orthographic":false}