{"cameraMode":{"drawMode":0,"name":"Shaded","section":"Shading Mode"},"sceneLighting":false,"audioPlay":false,"sceneViewState":{"m_AlwaysRefresh":false,"showFog":true,"showSkybox":false,"showFlares":true,"showImageEffects":true,"showParticleSystems":true,"showVisualEffectGraphs":true,"m_FxEnabled":true},"in2DMode":false,"pivot":{"x":-0.27466750144958498,"y":-6.767889499664307,"z":-5.386218070983887},"rotation":{"x":-0.018158836290240289,"y":0.9271066784858704,"z":-0.37346023321151736,"w":-0.051938604563474658},"size":7.191235542297363,"orthographic":false}